﻿<?xml version="1.0" encoding="UTF-8"?>
<PerspectiveState>
	<PerspectiveFrameState name="ToolbarL" visible="1" detached="0" windowID="SongToolbar">
		<Attributes x:id="viewStates" count="1">
			<List x:id="items">
				<FrameItem::ViewState windowID="SongToolbar" W="1667" H="43" X="0" Y="0" flags="0"/>
			</List>
		</Attributes>
	</PerspectiveFrameState>
	<PerspectiveFrameState name="ToolbarR" visible="1" detached="0" windowID="PerspectiveSelector">
		<Attributes x:id="viewStates" count="1">
			<List x:id="items">
				<FrameItem::ViewState windowID="PerspectiveSelector" W="253" H="43" X="0" Y="0" flags="0"/>
			</List>
		</Attributes>
	</PerspectiveFrameState>
	<PerspectiveFrameState name="Song.AddInPanel" visible="0" detached="0" windowID="">
		<Attributes x:id="viewStates" count="1">
			<List x:id="items">
				<FrameItem::ViewState windowID="" W="0" H="0" X="0" Y="0" flags="0"/>
			</List>
		</Attributes>
	</PerspectiveFrameState>
	<PerspectiveFrameState name="InfoView" visible="0" detached="0" windowID="">
		<Attributes x:id="viewStates" count="1">
			<List x:id="items">
				<FrameItem::ViewState windowID="" W="0" H="0" X="0" Y="0" flags="0"/>
			</List>
		</Attributes>
	</PerspectiveFrameState>
	<PerspectiveFrameState name="DetachedInfoView" visible="0" detached="0" windowID="">
		<Attributes x:id="viewStates" count="1">
			<List x:id="items">
				<FrameItem::ViewState windowID="" W="0" H="0" X="0" Y="0" flags="0"/>
			</List>
		</Attributes>
	</PerspectiveFrameState>
	<PerspectiveFrameState name="TrackListInspector" visible="0" detached="0" windowID="">
		<Attributes x:id="viewStates" count="1">
			<List x:id="items">
				<FrameItem::ViewState windowID="" W="198" H="0" X="0" Y="0" flags="0"/>
			</List>
		</Attributes>
	</PerspectiveFrameState>
	<PerspectiveFrameState name="Inspector" visible="0" detached="0" windowID="">
		<Attributes x:id="viewStates" count="1">
			<List x:id="items">
				<FrameItem::ViewState windowID="" W="0" H="0" X="0" Y="0" flags="0"/>
			</List>
		</Attributes>
	</PerspectiveFrameState>
	<PerspectiveFrameState name="ArrangementZone" visible="1" detached="0" windowID="Song">
		<Attributes x:id="viewStates" count="1">
			<List x:id="items">
				<FrameItem::ViewState windowID="Song" W="1580" H="504" X="0" Y="0" flags="0"/>
			</List>
		</Attributes>
	</PerspectiveFrameState>
	<PerspectiveFrameState name="EditorZone" visible="1" detached="0" windowID="Editor">
		<Attributes x:id="viewStates" count="3">
			<List x:id="items">
				<FrameItem::ViewState windowID="" W="0" H="400" X="0" Y="0" flags="0"/>
				<FrameItem::ViewState windowID="Editor" W="1580" H="400" X="0" Y="0" flags="0"/>
				<FrameItem::ViewState windowID="Console" W="1580" H="400" X="0" Y="0" flags="0">
					<Attributes x:id="viewState" size="1" narrow="0" big.divider="64" small.w="1580" small.h="400" big.w="1580"
					            big.h="466"/>
				</FrameItem::ViewState>
			</List>
		</Attributes>
	</PerspectiveFrameState>
	<PerspectiveFrameState name="BrowserZone" visible="1" detached="0" windowID="Browser">
		<Attributes x:id="viewStates" count="1">
			<List x:id="items">
				<FrameItem::ViewState windowID="Browser" W="340" H="904" X="0" Y="0" flags="0">
					<Attributes x:id="viewState" url="object://studioapp/InstrumentBrowser"/>
				</FrameItem::ViewState>
			</List>
		</Attributes>
	</PerspectiveFrameState>
	<PerspectiveFrameState name="Song.TransportPanel" visible="0" detached="0" windowID="">
		<Attributes x:id="viewStates" count="1">
			<List x:id="items">
				<FrameItem::ViewState windowID="" W="0" H="0" X="0" Y="0" flags="0"/>
			</List>
		</Attributes>
	</PerspectiveFrameState>
	<PerspectiveFrameState name="Transport" visible="1" detached="0" windowID="TransportPanel">
		<Attributes x:id="viewStates" count="1">
			<List x:id="items">
				<FrameItem::ViewState windowID="TransportPanel" W="1920" H="50" X="0" Y="0" flags="0"/>
			</List>
		</Attributes>
	</PerspectiveFrameState>
	<PerspectiveFrameState name="DetachedMixer" visible="0" detached="0" windowID="">
		<Attributes x:id="viewStates" count="2">
			<List x:id="items">
				<FrameItem::ViewState windowID="" W="0" H="0" X="0" Y="0" flags="0"/>
				<FrameItem::ViewState windowID="Console" W="0" H="0" X="0" Y="0" flags="0">
					<Attributes x:id="viewState" size="0"/>
				</FrameItem::ViewState>
			</List>
		</Attributes>
	</PerspectiveFrameState>
	<PerspectiveFrameState name="DetachedEditor" visible="0" detached="0" windowID="">
		<Attributes x:id="viewStates" count="1">
			<List x:id="items">
				<FrameItem::ViewState windowID="" W="0" H="0" X="0" Y="0" flags="0"/>
			</List>
		</Attributes>
	</PerspectiveFrameState>
	<PerspectiveFrameState name="SongTracks" visible="1" detached="0" windowID="">
		<Attributes x:id="viewStates" count="0"/>
	</PerspectiveFrameState>
	<PerspectiveFrameState name="MarkerTrack" visible="1" detached="0" windowID="MarkerTrack">
		<Attributes x:id="viewStates" count="1">
			<List x:id="items">
				<FrameItem::ViewState windowID="MarkerTrack" W="1574" H="0" X="0" Y="0" flags="0"/>
			</List>
		</Attributes>
	</PerspectiveFrameState>
	<PerspectiveFrameState name="TempoEditor" visible="0" detached="0" windowID="">
		<Attributes x:id="viewStates" count="1">
			<List x:id="items">
				<FrameItem::ViewState windowID="" W="0" H="0" X="0" Y="0" flags="0"/>
			</List>
		</Attributes>
	</PerspectiveFrameState>
	<PerspectiveFrameState name="TrackList" visible="1" detached="0" windowID="TrackList">
		<Attributes x:id="viewStates" count="1">
			<List x:id="items">
				<FrameItem::ViewState windowID="TrackList" W="1574" H="466" X="0" Y="0" flags="0"/>
			</List>
		</Attributes>
	</PerspectiveFrameState>
	<PerspectiveFrameState name="ScratchPad" visible="0" detached="0" windowID="">
		<Attributes x:id="viewStates" count="1">
			<List x:id="items">
				<FrameItem::ViewState windowID="" W="500" H="0" X="0" Y="0" flags="0"/>
			</List>
		</Attributes>
	</PerspectiveFrameState>
	<PerspectiveFrameState name="AudioEditorAddInPanel" visible="0" detached="0" windowID="">
		<Attributes x:id="viewStates" count="0"/>
	</PerspectiveFrameState>
	<PerspectiveFrameState name="AudioEditor.AddInPanel" visible="0" detached="0" windowID="">
		<Attributes x:id="viewStates" count="1">
			<List x:id="items">
				<FrameItem::ViewState windowID="" W="0" H="0" X="0" Y="0" flags="0"/>
			</List>
		</Attributes>
	</PerspectiveFrameState>
	<PerspectiveFrameState name="MusicEditorAddInPanel" visible="0" detached="0" windowID="">
		<Attributes x:id="viewStates" count="0"/>
	</PerspectiveFrameState>
	<PerspectiveFrameState name="MusicEditor.AddInPanel" visible="0" detached="0" windowID="">
		<Attributes x:id="viewStates" count="1">
			<List x:id="items">
				<FrameItem::ViewState windowID="" W="0" H="0" X="0" Y="0" flags="0"/>
			</List>
		</Attributes>
	</PerspectiveFrameState>
	<PerspectiveFrameState name="MusicEditor.InplacePanel" visible="0" detached="0" windowID="">
		<Attributes x:id="viewStates" count="1">
			<List x:id="items">
				<FrameItem::ViewState windowID="" W="0" H="0" X="0" Y="0" flags="0"/>
			</List>
		</Attributes>
	</PerspectiveFrameState>
	<PerspectiveFrameState name="MusicTrackListInspectorPanel" visible="0" detached="0" windowID="">
		<Attributes x:id="viewStates" count="0"/>
	</PerspectiveFrameState>
	<PerspectiveFrameState name="MusicTrackListInspector" visible="0" detached="0" windowID="">
		<Attributes x:id="viewStates" count="1">
			<List x:id="items">
				<FrameItem::ViewState windowID="" W="0" H="0" X="0" Y="0" flags="0"/>
			</List>
		</Attributes>
	</PerspectiveFrameState>
	<PerspectiveFrameState name="MixerPanels" visible="1" detached="0" windowID="">
		<Attributes x:id="viewStates" count="0"/>
	</PerspectiveFrameState>
	<PerspectiveFrameState name="ChannelSelector" visible="1" detached="0" windowID="ChannelSelector">
		<Attributes x:id="viewStates" count="1">
			<List x:id="items">
				<FrameItem::ViewState windowID="ChannelSelector" W="198" H="394" X="0" Y="0" flags="0"/>
			</List>
		</Attributes>
	</PerspectiveFrameState>
	<PerspectiveFrameState name="SynthRack" visible="1" detached="0" windowID="SynthRack">
		<Attributes x:id="viewStates" count="1">
			<List x:id="items">
				<FrameItem::ViewState windowID="SynthRack" W="120" H="394" X="0" Y="0" flags="0"/>
			</List>
		</Attributes>
	</PerspectiveFrameState>
	<PerspectiveFrameState name="MusicDeviceRack" visible="0" detached="0" windowID="">
		<Attributes x:id="viewStates" count="1">
			<List x:id="items">
				<FrameItem::ViewState windowID="" W="0" H="0" X="0" Y="0" flags="0"/>
			</List>
		</Attributes>
	</PerspectiveFrameState>
	<PerspectiveFrameState name="DeviceTrashBin" visible="0" detached="0" windowID="">
		<Attributes x:id="viewStates" count="1">
			<List x:id="items">
				<FrameItem::ViewState windowID="" W="0" H="0" X="0" Y="0" flags="0"/>
			</List>
		</Attributes>
	</PerspectiveFrameState>
	<PerspectiveFrameState name="InputContainer" visible="0" detached="0" windowID="">
		<Attributes x:id="viewStates" count="1">
			<List x:id="items">
				<FrameItem::ViewState windowID="" W="0" H="0" X="0" Y="0" flags="0"/>
			</List>
		</Attributes>
	</PerspectiveFrameState>
	<PerspectiveFrameState name="ChannelContainer" visible="1" detached="0" windowID="ChannelContainer">
		<Attributes x:id="viewStates" count="1">
			<List x:id="items">
				<FrameItem::ViewState windowID="ChannelContainer" W="1117" H="394" X="0" Y="0" flags="0"/>
			</List>
		</Attributes>
	</PerspectiveFrameState>
	<PerspectiveFrameState name="OutputContainer" visible="0" detached="0" windowID="">
		<Attributes x:id="viewStates" count="1">
			<List x:id="items">
				<FrameItem::ViewState windowID="" W="0" H="0" X="0" Y="0" flags="0"/>
			</List>
		</Attributes>
	</PerspectiveFrameState>
	<PerspectiveFrameState name="Song.DetachedAddInPanel" visible="0" detached="0" windowID="">
		<Attributes x:id="viewStates" count="1">
			<List x:id="items">
				<FrameItem::ViewState windowID="" W="0" H="0" X="0" Y="0" flags="0"/>
			</List>
		</Attributes>
	</PerspectiveFrameState>
	<Attributes x:id="layout" version="1">
		<Section path="ChannelContainer47ChannelContainer47ChannelCont2">
			<Attributes h="0" v="0"/>
		</Section>
		<Section path="ChannelContainer47ChannelContainer47RemoteInsertsSendsWide22C8A4AE21EB493EB467BFB64330C3F6">
			<Attributes i0="ColorBox color" x0="81" y0="3" i1="Form AudioRemoteFxStackSpace" x1="0" y1="0" i2="Form AudioInserts"
			            x2="81" y2="156" i3="Divider ://Workspace/studioapp/~/DividerGroups/fxRack" x3="81" y3="1"
			            i4="Form AudioSends" x4="81" y4="90" i5="ImageView" x5="81" y5="1"/>
		</Section>
		<Section path="ChannelSelector47ChannelSelector47ChannelListInspector">
			<Attributes h="0" v="0"/>
		</Section>
		<Section path="ChannelSelector47ChannelSelector47ChannelListInspector.HeaderView">
			<Attributes columnOrder="number;level;visible;icon;color;title;group;" number.width="28" title.width="75"
			            group.width="60"/>
		</Section>
		<Section path="TrackList47TrackList47TrackListScrollView">
			<Attributes h="0" v="0"/>
		</Section>
	</Attributes>
	<Attributes x:id="params" MixerFaderStandard_divider="64" performanceMonitor_showDetails="0" performanceMonitor_showDevices="0"/>
</PerspectiveState>
