﻿<?xml version="1.0" encoding="UTF-8"?>
<MetaInformation>
	<Attribute id="Media:Artwork" value="artwork.png"/>
	<Attribute id="Document:Notes" value="notes.txt"/>
	<Attribute id="Media:Artist" value="Matthew Spedale"/>
	<Attribute id="Media:ArtistPage" value=""/>
	<Attribute id="Media:Genre" value=""/>
	<Attribute id="Media:Year" value="2017"/>
	<Attribute id="Document:MimeType" value="application/x-presonus-song"/>
	<Attribute id="Document:FormatVersion" value="3"/>
	<Attribute id="Document:Title" value="score_sound.song"/>
	<Attribute id="Document:Creator" value="Matt"/>
	<Attribute id="Document:Generator" value="Studio One/3.1.0.35191"/>
	<Attribute id="Media:SampleRate" value="44100"/>
	<Attribute id="Media:FrameType" value="1"/>
	<Attribute id="Media:Tempo" value="80"/>
	<Attribute id="Media:TimeSignatureNumerator" value="4"/>
	<Attribute id="Media:TimeSignatureDenominator" value="4"/>
	<Attribute id="Media:TrackCount" value="1"/>
	<Attribute id="Media:Length" value="31"/>
</MetaInformation>
