﻿<?xml version="1.0" encoding="UTF-8"?>
<SongEditor>
	<Attributes x:id="TrackList" rulerFormat="2" dataZoom="1" snapEnabled="1" snapBase="0" cursorLoopSnapper.enabled="0"
	            eventSnapper.enabled="0" gridSnapper.enabled="1" relativeSnapper.enabled="0" trackHeightZoom="60"
	            selectedTrack="0">
		<Attributes x:id="TimeLine1" timeZoom="0.01" timeOffset="0" autoScroll="1"/>
		<Attributes x:id="TimeLine2" timeZoom="0.01" timeOffset="0" autoScroll="1"/>
		<Attributes x:id="quantize" type="0" mode="0" base="0.25" swing="0" range="1" strength="1" end="0"
		            velocity="0" patternName="" numerator="4" denominator="4" program="0">
			<List x:id="programs">
				<QuantizeGrid type="0" mode="0" base="0.25" swing="0" range="1" strength="1" end="0" velocity="0"
				              patternName="" numerator="4" denominator="4"/>
				<QuantizeGrid type="0" mode="0" base="0.5" swing="0" range="1" strength="1" end="0" velocity="0"
				              patternName="" numerator="4" denominator="4"/>
				<QuantizeGrid type="0" mode="0" base="1" swing="0" range="1" strength="1" end="0" velocity="0" patternName=""
				              numerator="4" denominator="4"/>
				<QuantizeGrid type="1" mode="0" base="0.25" swing="0" range="1" strength="1" end="0" velocity="0"
				              patternName="" numerator="4" denominator="4"/>
				<QuantizeGrid type="1" mode="0" base="0.5" swing="0" range="1" strength="1" end="0" velocity="0"
				              patternName="" numerator="4" denominator="4"/>
				<QuantizeGrid type="0" mode="0" base="0.25" swing="0.20000000298023224" range="1" strength="1" end="0"
				              velocity="0" patternName="" numerator="4" denominator="4"/>
				<QuantizeGrid type="0" mode="0" base="0.5" swing="0.20000000298023224" range="1" strength="1" end="0"
				              velocity="0" patternName="" numerator="4" denominator="4"/>
			</List>
		</Attributes>
		<Attributes x:id="TimeZoneComponent" zoneStart="0">
			<Attributes x:id="loopState" loopStart="0" loopEnd="1.5" loopActive="1"/>
		</Attributes>
		<Attributes x:id="ChannelOrganizer" syncFolderBusChannels="1" groupBusChannels="1" groupFXChannels="1"
		            visibilitySyncEnabled="1" followFolderExpand="0"/>
		<Attributes x:id="ScratchPad" savedSongCursorTime="0" zoneStart="0" scratchPadList="0">
			<Attributes x:id="loopState" loopStart="0" loopEnd="1.5" loopActive="1"/>
		</Attributes>
	</Attributes>
	<Attributes x:id="PoolBrowser" showThumbnails="0" stateIndex="0">
		<Attributes x:id="childs">
			<Attributes x:id="Sorter" sortBy="0"/>
		</Attributes>
	</Attributes>
	<Attributes x:id="SongSetup" lastSelected=""/>
	<Attributes x:id="Editor">
		<Attributes x:id="editors">
			<Attributes x:id="MusicEditor" notePlay="1" velocity="0.80000001192092896" followParentSelection="1"
			            autoApplyQuantize="1" rulerFormat="2" dataZoom="1" snapEnabled="1" snapBase="2" cursorLoopSnapper.enabled="0"
			            eventSnapper.enabled="0" gridSnapper.enabled="1" relativeSnapper.enabled="0">
				<ObjectArray x:id="lanes" count="2">
					<List x:id="items">
						<MusicEnvelopeEditor::LaneState envelope="VelocityEnvelope" h="60" visible="1"/>
						<MusicEnvelopeEditor::LaneState envelope="VelocityEnvelope" h="60" visible="0"/>
					</List>
				</ObjectArray>
				<Attributes x:id="MusicalScale" snap="0" rootNote="0" scale="0"/>
				<Attributes x:id="TimeZoneComponent" zoneStart="0">
					<Attributes x:id="loopState" loopStart="0" loopEnd="1.5" loopActive="1"/>
				</Attributes>
				<Attributes x:id="editList">
					<List x:id="tracks">
						<String text="{09A7C60B-138E-40DD-B66E-9CC4286FF78A}"/>
					</List>
				</Attributes>
				<Attributes x:id="backgroundList"/>
				<Attributes x:id="NoteLength" base="4" type="0" dotted="0" followQuantize="1"/>
				<Attributes x:id="TimeLine1" timeZoom="0.004999999888241291" timeOffset="0" autoScroll="1"/>
			</Attributes>
		</Attributes>
	</Attributes>
	<Attributes x:id="TempoEditor" rulerFormat="2" dataZoom="1" snapEnabled="1" snapBase="0" cursorLoopSnapper.enabled="0"
	            eventSnapper.enabled="0" gridSnapper.enabled="1" relativeSnapper.enabled="0">
		<Attributes x:id="TimeLine1" timeZoom="0.01" timeOffset="0" autoScroll="1"/>
		<Attributes x:id="TimeLine2" timeZoom="0.01" timeOffset="0" autoScroll="1"/>
	</Attributes>
</SongEditor>
