﻿<?xml version="1.0" encoding="UTF-8"?>
<MediaPool>
	<Attributes x:id="rootFolder">
		<MediaFolder name="Music">
			<MusicClip mediaID="{67A711D4-3611-4170-AB34-53C7BB4BA916}" useCount="1">
				<Url x:id="dataPath" type="1" url="media:///Performances/Dexed/Dexed(0).music"/>
			</MusicClip>
		</MediaFolder>
	</Attributes>
	<Attributes x:id="packageInfos">
		<Association key="presonus.studioone.teaser1" value="Prime Selection Loops and Sounds"/>
		<Association key="presonus.studioone.instruments" value="Studio One Instruments Vol 1"/>
		<Association key="presonus.studioone.instruments2" value="Studio One Instruments Vol 2"/>
		<Association key="presonus.studioone.musicloops" value="Studio One Musicloops"/>
		<Association key="presonus.studioone.ueberschall" value="Ueberschall Impact Drums"/>
		<Association key="presonus.studioone.vengeance" value="Vengeance-Sound"/>
	</Attributes>
	<Attributes x:id="documentPath" type="1" url="file:///C:/Users/Matt/Documents/Studio One/Songs/score_sound/score_sound.song.autosave"/>
</MediaPool>
