﻿<?xml version="1.0" encoding="UTF-8"?>
<Song popup="0" copyrighted="0" masterWithEffects="1">
	<Attributes x:id="Root" defaultTimeFormat="2" stretch="0" showEnvelopes="0" timeFormat="0" length="300">
		<Attributes x:id="timeContext" sampleRate="44100" frameType="1" timeOffset="0">
			<TempoMap x:id="tempoMap">
				<TempoMapSegment curveType="0" start="0" end="1.7976931348623156e+200" tempo="0.75"/>
			</TempoMap>
			<TimeSignatureMap x:id="timeSignatureMap">
				<TimeSignatureMapSegment start="0" numerator="4" denominator="4" anchor="1"/>
			</TimeSignatureMap>
			<TimeZoneMap x:id="timeZoneMap">
				<TimeZone start="0" end="31" name=""/>
			</TimeZoneMap>
		</Attributes>
		<Attributes x:id="attributes" recordResolution="16"/>
		<List x:id="Tracks">
			<MarkerTrack version="1" timeFormat="2" name="Marker">
				<Attributes x:id="attributes" hidden="1"/>
				<MarkerEvent markerType="2" timeFormat="2" name="Start"/>
				<MarkerEvent markerType="3" start="41.333333333333336" timeFormat="2" name="End"/>
			</MarkerTrack>
			<ArrangerTrack version="1" timeFormat="2" color="FF8A6B32">
				<Attributes x:id="attributes" hidden="1"/>
			</ArrangerTrack>
			<MediaTrack mediaType="Music" tempoFollow="2" materialMode="0" layersFollow="1" version="1" trackID="{09A7C60B-138E-40DD-B66E-9CC4286FF78A}"
			            timeFormat="2" name="Dexed" color="FF88816C">
				<UID x:id="channelID" uid="{45D5FAC4-7BA8-4A29-A7F1-A8253CFFB977}"/>
				<Attributes x:id="AutomationRegionList" visible="0">
				</Attributes>
				<Attributes x:id="attributes" drumMode="0" pitchScaleCenter="60" pitchScaleZoom="8"/>
				<List x:id="Events">
					<MusicPart transpose="0" velocity="0" clipID="{67A711D4-3611-4170-AB34-53C7BB4BA916}" timeFormat="2"
					           length="2" name="Dexed"/>
				</List>
			</MediaTrack>
		</List>
	</Attributes>
</Song>
