﻿<?xml version="1.0" encoding="UTF-8"?>
<AudioIOManager previewChannel="{33DEE0A6-5BFC-486A-8F6D-2DF47E5E71FB}">
	<List x:id="deviceList">
		<AudioIOAssignment deviceID="{232685C6-6548-49D8-846D-4141A3EF7560}" deviceName="ASIO4ALL v2" machineID="MATT-PC"
		                   deviceType="ASIO" inputCount="2" outputCount="8">
			<Attributes x:id="inputs">
				<PortAssignment name="{F7B8486B-F29A-49D3-900E-7D11A2763BA0}">
					<Association key="M" value="{232685C6-6548-49D8-846D-4141A3EF7560}/AudioOutput00"/>
				</PortAssignment>
				<PortAssignment name="{EC8C03E7-125F-4DC4-8639-7BE894DECBAB}">
					<Association key="M" value="{232685C6-6548-49D8-846D-4141A3EF7560}/AudioOutput01"/>
				</PortAssignment>
				<PortAssignment name="{39D7DA3C-268D-404D-A081-33FD03C8C29C}">
					<Association key="L" value="{232685C6-6548-49D8-846D-4141A3EF7560}/AudioOutput00"/>
					<Association key="R" value="{232685C6-6548-49D8-846D-4141A3EF7560}/AudioOutput01"/>
				</PortAssignment>
			</Attributes>
			<Attributes x:id="outputs">
				<PortAssignment name="{33DEE0A6-5BFC-486A-8F6D-2DF47E5E71FB}">
					<Association key="L" value="{232685C6-6548-49D8-846D-4141A3EF7560}/AudioInput00"/>
					<Association key="R" value="{232685C6-6548-49D8-846D-4141A3EF7560}/AudioInput01"/>
				</PortAssignment>
			</Attributes>
		</AudioIOAssignment>
	</List>
</AudioIOManager>
