﻿<?xml version="1.0" encoding="UTF-8"?>
<AudioMixer>
	<Attributes x:id="channels" name="Channels" flags="1">
		<ChannelGroup name="AudioInput" flags="1">
			<AudioInputChannel gain="1" pan="0.5" name="Channel01" label="Input L+R" mute="0" solo="0" soloSave="0"
			                   color="￹00000000">
				<SpeakerSetup x:id="speakerType" type="Stereo"/>
				<UID x:id="uniqueID" uid="{39D7DA3C-268D-404D-A081-33FD03C8C29C}"/>
				<Attributes x:id="Automation" mode="0"/>
				<Attributes x:id="Inserts">
					<Attributes x:id="Presets" pname="default" dirty="0"/>
				</Attributes>
				<Attributes x:id="MacroControls" showMacroPads="0" presentation="0"/>
			</AudioInputChannel>
			<AudioInputChannel gain="1" pan="0.5" name="Channel02" label="Input L" mute="0" solo="0" soloSave="0"
			                   color="￹00000000">
				<SpeakerSetup x:id="speakerType" type="Mono"/>
				<UID x:id="uniqueID" uid="{F7B8486B-F29A-49D3-900E-7D11A2763BA0}"/>
				<Attributes x:id="Automation" mode="0"/>
				<Attributes x:id="Inserts">
					<Attributes x:id="Presets" pname="default" dirty="0"/>
				</Attributes>
				<Attributes x:id="MacroControls" showMacroPads="0" presentation="0"/>
			</AudioInputChannel>
			<AudioInputChannel gain="1" pan="0.5" name="Channel03" label="Input R" mute="0" solo="0" soloSave="0"
			                   color="￹00000000">
				<SpeakerSetup x:id="speakerType" type="Mono"/>
				<UID x:id="uniqueID" uid="{EC8C03E7-125F-4DC4-8639-7BE894DECBAB}"/>
				<Attributes x:id="Automation" mode="0"/>
				<Attributes x:id="Inserts">
					<Attributes x:id="Presets" pname="default" dirty="0"/>
				</Attributes>
				<Attributes x:id="MacroControls" showMacroPads="0" presentation="0"/>
			</AudioInputChannel>
		</ChannelGroup>
		<ChannelGroup name="AudioOutput" flags="1">
			<AudioOutputChannel gain="1" pan="0.5" name="Channel01" label="Main" mute="0" solo="0" soloSave="0"
			                    color="￹00000000">
				<SpeakerSetup x:id="speakerType" type="Stereo"/>
				<UID x:id="uniqueID" uid="{33DEE0A6-5BFC-486A-8F6D-2DF47E5E71FB}"/>
				<Attributes x:id="Automation" mode="0"/>
				<Attributes x:id="Inserts">
					<Attributes x:id="Presets" pname="default" dirty="0"/>
				</Attributes>
				<Attributes x:id="PostFaderInserts">
					<Attributes x:id="Presets" pname="default" dirty="0"/>
				</Attributes>
				<Attributes x:id="AudioClick" on="1" gain="1"/>
				<Attributes x:id="MacroControls" showMacroPads="0" presentation="0"/>
			</AudioOutputChannel>
		</ChannelGroup>
		<ChannelGroup name="AudioSynth" flags="1">
			<AudioSynthChannel gain="1" pan="0.5" name="Channel01" label="Charlatan" mute="0" solo="0" soloSave="0"
			                   color="FF8A7930" synthPort="0">
				<SpeakerSetup x:id="speakerType" type="Stereo"/>
				<UID x:id="uniqueID" uid="{0D409628-ACDD-4E97-ACC2-8FC72DE10ABA}"/>
				<Connection x:id="destination" objectID="{33DEE0A6-5BFC-486A-8F6D-2DF47E5E71FB}/Input" friendlyName="Main"/>
				<Attributes x:id="Automation" mode="0"/>
				<Attributes x:id="Sends">
					<Attributes x:id="Presets" pname="default" dirty="0"/>
				</Attributes>
				<Attributes x:id="Inserts">
					<Attributes x:id="Presets" pname="default" dirty="0"/>
				</Attributes>
				<Attributes x:id="CueMix">
					<Attributes x:id="slots" version="1"/>
				</Attributes>
				<Attributes x:id="MacroControls" showMacroPads="0" presentation="0"/>
			</AudioSynthChannel>
			<AudioSynthChannel gain="1" pan="0.5" name="Channel02" label="Dexed" mute="0" solo="0" soloSave="0"
			                   color="FF88816C" synthPort="0">
				<SpeakerSetup x:id="speakerType" type="Stereo"/>
				<UID x:id="uniqueID" uid="{DAA02D51-3F8D-4C44-8479-5A69FA95EFA6}"/>
				<Connection x:id="destination" objectID="{33DEE0A6-5BFC-486A-8F6D-2DF47E5E71FB}/Input" friendlyName="Main"/>
				<Attributes x:id="Automation" mode="0"/>
				<Attributes x:id="Sends">
					<Attributes name="Send01" bypass="0" prefader="0" level="0.5" pan="0.5">
						<Connection x:id="destination" objectID="{22C8A4AE-21EB-493E-B467-BFB64330C3F6}/Input" friendlyName="Bus 1"/>
					</Attributes>
					<Attributes x:id="Presets" pname="default" dirty="0"/>
				</Attributes>
				<Attributes x:id="Inserts">
					<Attributes name="FX01">
						<UID x:id="uniqueID" uid="{5253F11B-6FE9-4957-B116-031246BD1BC1}"/>
						<UID x:id="deviceClassID" uid="{132C0E1F-06FD-4C96-BD65-678C04FE1C92}"/>
						<Attributes x:id="deviceData" name="Gate">
							<UID x:id="uniqueID" uid="{89841DAA-012E-416F-AD29-AD6A07D370AC}"/>
						</Attributes>
						<Attributes x:id="ghostData" presetType="fxpreset">
							<Attributes x:id="classInfo" classID="{132C0E1F-06FD-4C96-BD65-678C04FE1C92}" name="Gate" category="AudioEffect"
							            subCategory="(Native)/Dynamics"/>
							<Attributes x:id="IO">
								<List x:id="audioInputs">
									<PortDescription flags="3" subType="3" label="Input"/>
									<PortDescription type="1" subType="3" label="Sidechain"/>
								</List>
								<List x:id="audioOutputs">
									<PortDescription flags="3" subType="3" label="Output"/>
								</List>
								<List x:id="musicOutputs">
									<PortDescription flags="3" label="Trigger Out"/>
								</List>
							</Attributes>
						</Attributes>
						<Attributes x:id="Automation" mode="0"/>
						<Attributes x:id="Presets" pname="Fast and hard" dirty="0">
							<Attributes x:id="url" type="1" url="file:///D:/Music Production/Studio One 3/Presets/PreSonus/Gate/General Use/Fast and hard.preset"/>
						</Attributes>
						<String x:id="presetPath" text="Presets/Channels/Dexed/1 - Gate.fxpreset"/>
					</Attributes>
					<Attributes x:id="Presets" pname="default" dirty="0"/>
				</Attributes>
				<Attributes x:id="CueMix">
					<Attributes x:id="slots" version="1"/>
				</Attributes>
				<Attributes x:id="MacroControls" showMacroPads="0" presentation="0"/>
			</AudioSynthChannel>
		</ChannelGroup>
		<ChannelGroup name="AudioGroup" flags="1">
			<AudioGroupChannel gain="1" pan="0.5" name="Channel01" label="Bus 1" mute="0" solo="0" soloSave="0"
			                   color="￹00000000">
				<SpeakerSetup x:id="speakerType" type="Stereo"/>
				<UID x:id="uniqueID" uid="{22C8A4AE-21EB-493E-B467-BFB64330C3F6}"/>
				<Connection x:id="destination" objectID="{33DEE0A6-5BFC-486A-8F6D-2DF47E5E71FB}/Input" friendlyName="Main"/>
				<Attributes x:id="Automation" mode="0"/>
				<Attributes x:id="Inserts">
					<Attributes name="FX01">
						<UID x:id="uniqueID" uid="{7AFBA0CA-2749-4333-8673-BAB57E86D1A7}"/>
						<UID x:id="deviceClassID" uid="{BEC73D38-7954-42A0-9504-038B23046FAB}"/>
						<Attributes x:id="deviceData" name="Autofilter">
							<UID x:id="uniqueID" uid="{E1AAFF3B-7C5E-4988-BF92-AB40D7CF94A8}"/>
						</Attributes>
						<Attributes x:id="ghostData" presetType="fxpreset">
							<Attributes x:id="classInfo" classID="{BEC73D38-7954-42A0-9504-038B23046FAB}" name="Autofilter"
							            category="AudioEffect" subCategory="(Native)/Modulation"/>
							<Attributes x:id="IO">
								<List x:id="audioInputs">
									<PortDescription flags="3" subType="3" label="Input"/>
									<PortDescription type="1" subType="3" label="Sidechain"/>
								</List>
								<List x:id="audioOutputs">
									<PortDescription flags="3" subType="3" label="Output"/>
								</List>
							</Attributes>
						</Attributes>
						<Attributes x:id="Automation" mode="0"/>
						<Attributes x:id="Presets" pname="Comptalk" dirty="0">
							<Attributes x:id="url" type="1" url="file:///D:/Music Production/Studio One 3/Presets/PreSonus/Autofilter/Comptalk.preset"/>
						</Attributes>
						<String x:id="presetPath" text="Presets/Channels/Bus 1/1 - Autofilter.fxpreset"/>
					</Attributes>
					<Attributes name="FX02">
						<UID x:id="uniqueID" uid="{CBF81F69-F936-48FA-A178-AE8D7E80B74A}"/>
						<UID x:id="deviceClassID" uid="{701812B1-7B20-4C95-BECB-D7C2ACF954ED}"/>
						<Attributes x:id="deviceData" name="Multiband Dynamics">
							<UID x:id="uniqueID" uid="{D9E40BA1-DBB1-4900-A4AC-263120659C87}"/>
						</Attributes>
						<Attributes x:id="ghostData" presetType="fxpreset">
							<Attributes x:id="classInfo" classID="{701812B1-7B20-4C95-BECB-D7C2ACF954ED}" name="Multiband Dynamics"
							            category="AudioEffect" subCategory="(Native)/Mastering"/>
							<Attributes x:id="IO">
								<List x:id="audioInputs">
									<PortDescription flags="3" subType="3" label="Input"/>
								</List>
								<List x:id="audioOutputs">
									<PortDescription flags="3" subType="3" label="Output"/>
								</List>
							</Attributes>
						</Attributes>
						<Attributes x:id="Automation" mode="0"/>
						<Attributes x:id="Presets" pname="Stereo Compressor - Medium" dirty="0">
							<Attributes x:id="url" type="1" url="file:///D:/Music Production/Studio One 3/Presets/PreSonus/Multiband Dynamics/Master/Stereo Compressor - Medium.preset"/>
						</Attributes>
						<String x:id="presetPath" text="Presets/Channels/Bus 1/2 - Multiband Dynamics.fxpreset"/>
					</Attributes>
					<Attributes x:id="Presets" pname="default" dirty="0"/>
				</Attributes>
				<Attributes x:id="Sends">
					<Attributes x:id="Presets" pname="default" dirty="0"/>
				</Attributes>
				<Attributes x:id="CueMix">
					<Attributes x:id="slots" version="1"/>
				</Attributes>
				<Attributes x:id="MacroControls" showMacroPads="0" presentation="0"/>
			</AudioGroupChannel>
		</ChannelGroup>
	</Attributes>
</AudioMixer>
