﻿<?xml version="1.0" encoding="UTF-8"?>
<AudioSynthFolder>
	<Attributes name="Inst01">
		<UID x:id="uniqueID" uid="{1ABA0D46-F8E9-47CC-A5A1-9F54BC612DE9}"/>
		<UID x:id="deviceClassID" uid="{56535468-4377-6463-6861-726C6174616E}"/>
		<Attributes x:id="deviceData" name="Charlatan">
			<UID x:id="uniqueID" uid="{6FC4757A-EA72-49F6-8063-6FD04BFF553B}"/>
		</Attributes>
		<Attributes x:id="ghostData" presetType="fxb">
			<Attributes x:id="classInfo" classID="{56535468-4377-6463-6861-726C6174616E}" name="Charlatan" category="AudioSynth"
			            subCategory="VST2"/>
			<Attributes x:id="IO">
				<List x:id="audioOutputs">
					<PortDescription flags="3" subType="3" label="Out1"/>
				</List>
				<List x:id="musicInputs">
					<PortDescription flags="3" label="CH 1"/>
					<PortDescription flags="3" label="CH 2"/>
					<PortDescription flags="3" label="CH 3"/>
					<PortDescription flags="3" label="CH 4"/>
					<PortDescription flags="3" label="CH 5"/>
					<PortDescription flags="3" label="CH 6"/>
					<PortDescription flags="3" label="CH 7"/>
					<PortDescription flags="3" label="CH 8"/>
					<PortDescription flags="3" label="CH 9"/>
					<PortDescription flags="3" label="CH 10"/>
					<PortDescription flags="3" label="CH 11"/>
					<PortDescription flags="3" label="CH 12"/>
					<PortDescription flags="3" label="CH 13"/>
					<PortDescription flags="3" label="CH 14"/>
					<PortDescription flags="3" label="CH 15"/>
					<PortDescription flags="3" label="CH 16"/>
				</List>
			</Attributes>
		</Attributes>
		<Attributes x:id="Automation" mode="0"/>
		<Attributes x:id="Presets" pname="default" dirty="0"/>
		<String x:id="presetPath" text="Presets/Synths/1 - Charlatan.fxb"/>
		<List x:id="synthChannels">
			<UID uid="{0D409628-ACDD-4E97-ACC2-8FC72DE10ABA}"/>
		</List>
	</Attributes>
	<Attributes name="Inst02">
		<UID x:id="uniqueID" uid="{F864E288-C325-469F-9CF5-23B2AC41AE9F}"/>
		<UID x:id="deviceClassID" uid="{56535444-6578-6464-6578-656400000000}"/>
		<Attributes x:id="deviceData" name="Dexed">
			<UID x:id="uniqueID" uid="{2CB1C124-2124-48AA-B597-898EB0C8F454}"/>
		</Attributes>
		<Attributes x:id="ghostData" presetType="fxb">
			<Attributes x:id="classInfo" classID="{56535444-6578-6464-6578-656400000000}" name="Dexed" category="AudioSynth"
			            subCategory="VST2"/>
			<Attributes x:id="IO">
				<List x:id="audioOutputs">
					<PortDescription flags="3" subType="3" label="1"/>
				</List>
				<List x:id="musicInputs">
					<PortDescription flags="3" label="CH 1"/>
					<PortDescription flags="3" label="CH 2"/>
					<PortDescription flags="3" label="CH 3"/>
					<PortDescription flags="3" label="CH 4"/>
					<PortDescription flags="3" label="CH 5"/>
					<PortDescription flags="3" label="CH 6"/>
					<PortDescription flags="3" label="CH 7"/>
					<PortDescription flags="3" label="CH 8"/>
					<PortDescription flags="3" label="CH 9"/>
					<PortDescription flags="3" label="CH 10"/>
					<PortDescription flags="3" label="CH 11"/>
					<PortDescription flags="3" label="CH 12"/>
					<PortDescription flags="3" label="CH 13"/>
					<PortDescription flags="3" label="CH 14"/>
					<PortDescription flags="3" label="CH 15"/>
					<PortDescription flags="3" label="CH 16"/>
				</List>
			</Attributes>
		</Attributes>
		<Attributes x:id="Automation" mode="0"/>
		<Attributes x:id="Presets" pname="default" dirty="0"/>
		<String x:id="presetPath" text="Presets/Synths/2 - Dexed.fxb"/>
		<List x:id="synthChannels">
			<UID uid="{DAA02D51-3F8D-4C44-8479-5A69FA95EFA6}"/>
		</List>
	</Attributes>
	<Attributes x:id="Presets" pname="default" dirty="0"/>
</AudioSynthFolder>
