﻿<?xml version="1.0" encoding="UTF-8"?>
<MixerConsole>
	<Attributes x:id="channelSettings" version="1">
		<Section path="0D409628ACDD4E97ACC28FC72DE10ABA">
			<Attributes visible="0" expanded="0" order="4"/>
		</Section>
		<Section path="22C8A4AE21EB493EB467BFB64330C3F6">
			<Attributes visible="1" expanded="0" order="5"/>
		</Section>
		<Section path="33DEE0A65BFC486A8F6D2DF47E5E71FB">
			<Attributes visible="1" expanded="0" order="6"/>
		</Section>
		<Section path="39D7DA3C268D404DA08133FD03C8C29C">
			<Attributes visible="1" expanded="0" order="0"/>
		</Section>
		<Section path="DAA02D513F8D4C4484795A69FA95EFA6">
			<Attributes visible="1" expanded="1" order="3"/>
		</Section>
		<Section path="EC8C03E7125F4DC486397BE894DECBAB">
			<Attributes visible="1" expanded="0" order="2"/>
		</Section>
		<Section path="F7B8486BF29A49D3900E7D11A2763BA0">
			<Attributes visible="1" expanded="0" order="1"/>
		</Section>
	</Attributes>
	<Attributes x:id="layoutSettings" version="1"/>
	<Attributes x:id="channelBanks" remoteEdit="0">
		<ChannelShowHidePreset x:id="ScreenBank" name="" locked="0" version="1">
			<List x:id="visible">
				<UID uid="{DAA02D51-3F8D-4C44-8479-5A69FA95EFA6}"/>
				<UID uid="{22C8A4AE-21EB-493E-B467-BFB64330C3F6}"/>
			</List>
		</ChannelShowHidePreset>
		<ChannelShowHidePreset x:id="RemoteBank" name="" locked="0" version="1">
			<List x:id="visible">
				<UID uid="{DAA02D51-3F8D-4C44-8479-5A69FA95EFA6}"/>
				<UID uid="{0D409628-ACDD-4E97-ACC2-8FC72DE10ABA}"/>
				<UID uid="{22C8A4AE-21EB-493E-B467-BFB64330C3F6}"/>
			</List>
		</ChannelShowHidePreset>
	</Attributes>
	<Attributes x:id="HardwareControls" controlsVisible="1"/>
</MixerConsole>
