﻿<?xml version="1.0" encoding="UTF-8"?>
<MusicTrackDevice>
	<Attributes x:id="channels" name="Channels" flags="1">
		<ChannelGroup name="MusicTrack" flags="1">
			<MusicTrackChannel transpose="0" velocity="0" name="Channel01" label="Dexed" mute="0" solo="0" soloSave="0"
			                   color="FF88816C">
				<Connection x:id="instrumentOut" objectID="{DAA02D51-3F8D-4C44-8479-5A69FA95EFA6}/Input" friendlyName="Dexed"/>
				<UID x:id="uniqueID" uid="{45D5FAC4-7BA8-4A29-A7F1-A8253CFFB977}"/>
				<Connection x:id="destination" objectID="{2CB1C124-2124-48AA-B597-898EB0C8F454}/MusicInput00" friendlyName="2 - Dexed/CH 1"/>
				<Attributes x:id="Automation" mode="0"/>
				<Attributes x:id="RecordUnit">
					<Connection x:id="recordPort" objectID="AllInputFilterOUT" friendlyName="All Inputs/Any">
						<Attributes x:id="data" recordArmed="1" monitorActive="1"/>
					</Connection>
				</Attributes>
				<Attributes x:id="Inserts">
					<Attributes x:id="Presets" pname="default" dirty="0"/>
				</Attributes>
			</MusicTrackChannel>
		</ChannelGroup>
	</Attributes>
</MusicTrackDevice>
